{"result": {"width": 810, "height": 1080, "objects": [{"attributes": {"person": 0.8700348138809204}, "left": 224.5016326904297, "top": 407.0734558105469, "right": 342.9779052734375, "bottom": 865.1030883789062}, {"attributes": {"person": 0.8537888526916504}, "left": 50.15928649902344, "top": 398.16802978515625, "right": 230.50823974609375, "bottom": 905.3359375}, {"attributes": {"person": 0.8370175957679749}, "left": 669.4481811523438, "top": 400.6910095214844, "right": 809.7031860351562, "bottom": 881.0237426757812}, {"attributes": {"bus": 0.812541663646698}, "left": 3.9470701217651367, "top": 207.5211944580078, "right": 810.0, "bottom": 799.8505859375}]}}